Top queries,Clicks,Impressions,CTR,Position
lotus direct care,79,195,40.51%,1.01
sublocade withdrawal,17,660,2.58%,12.13
aaron rosenberg md,14,154,9.09%,3.55
using sublocade to get off suboxone,13,84,15.48%,6.67
sublocade shot withdrawal,11,310,3.55%,10.95
sublocade to get off suboxone,10,76,13.16%,6.38
dr aaron rosenberg,7,112,6.25%,3
does sublocade help you get off suboxone,6,55,10.91%,7.36
do you withdraw from sublocade,4,114,3.51%,10.28
lotus primary care,3,109,2.75%,6.71
do you withdrawal from sublocade,3,60,5%,10.78
is there withdrawal from sublocade,3,41,7.32%,10.66
lotus care,3,11,27.27%,3.73
functional medicine doctor near me,2,153,1.31%,31.01
sublocade withdrawal timeline,2,147,1.36%,27.72
sublocade taper,2,76,2.63%,11.72
direct primary care near me,2,14,14.29%,5.93
lotus functional medicine,2,8,25%,4
sublocade withdrawal symptoms,1,336,0.3%,11.96
switching from suboxone to sublocade,1,257,0.39%,27.44
primary care mequon,1,94,1.06%,3.97
dr rosenberg,1,85,1.18%,7.2
functional medicine milwaukee,1,83,1.2%,49.27
coming off sublocade,1,54,1.85%,8.37
withdrawal from sublocade,1,49,2.04%,11.57
how to get off sublocade,1,44,2.27%,8.68
direct primary care wisconsin,1,22,4.55%,4.68
lotus direct,1,12,8.33%,5.92
how long does sublocade withdrawal last,1,10,10%,15.7
dr. aaron rosenberg,1,9,11.11%,4.33
sublocade injection withdrawal,1,9,11.11%,11.56
functional medicine doctors near me,1,6,16.67%,29.17
aaron rosenburg,1,3,33.33%,6
lotus weight loss clinic,1,3,33.33%,13
dr near me,1,1,100%,1
good internal medicine doctors near me,1,1,100%,1
homeopath near me,1,1,100%,1
plant based doctor near me,1,1,100%,1
private practice doctors near me,1,1,100%,1
direct primary care doctors near me,1,1,100%,4
primary care doctor near me,1,1,100%,13
shot to come off suboxone,1,1,100%,16
natural health care providers near me,1,1,100%,40
functional doctor near me that takes insurance,1,1,100%,45
direct primary care,0,1103,0%,72.66
sublocade vs suboxone,0,388,0%,92.51
functional medicine specialist,0,266,0%,23.26
suboxone vs sublocade,0,214,0%,95.43
functional dr,0,182,0%,21.74
direct primary care milwaukee,0,177,0%,36.25
functional medicine doctor,0,172,0%,11.2
dr functional medicine,0,140,0%,14.06
functional medicine md,0,138,0%,35.12
suboxone to sublocade,0,133,0%,74.53
switching from sublocade to suboxone,0,132,0%,31.57
sublocade and suboxone together,0,127,0%,75.71
how to switch from suboxone to sublocade,0,124,0%,46.15
functional medicine dr near me,0,119,0%,14.15
functional medicine,0,117,0%,18.85
direct primary care providers,0,116,0%,75.76
best way to get off suboxone,0,114,0%,29.85
can you take suboxone on sublocade,0,114,0%,68.69
direct primary care doctor,0,113,0%,72.8
functional medicine dr,0,110,0%,9.05
quitting suboxone success stories,0,110,0%,62.55
suboxone to sublocade transition,0,108,0%,38.55
holistic md,0,105,0%,69.52
functional dr near me,0,104,0%,12.05
functional med doctors near me,0,103,0%,10.21
functional med doctors,0,101,0%,7.99
functional medicine near me,0,101,0%,28.78
lotus,0,100,0%,3.4
dpc clinic,0,99,0%,84.84
direct primary care companies,0,98,0%,73.58
alternative medicine practitioner near me,0,97,0%,45.16
will i have withdrawal symptoms if i stop using sublocade,0,96,0%,11.74
integrative medicine doctor near me,0,94,0%,68.23
direct primary care doctors,0,94,0%,69.44
weight loss clinic,0,92,0%,50.41
direct care doctor,0,91,0%,74.74
is sublocade the same as suboxone,0,91,0%,86.27
weight loss surgeons in mequon,0,88,0%,14.42
weightloss clinics,0,88,0%,42.18
functional doctor near me,0,85,0%,31.05
what happens if you use while on sublocade,0,85,0%,66.61
root cause doctor near me,0,82,0%,40.24
can you still get high on sublocade,0,80,0%,65.71
alternative medicine doctors near me,0,80,0%,72.64
suboxone doctor near milwaukee,0,75,0%,54.27
clinic for weight loss near me,0,73,0%,43.12
functional medicine doctor milwaukee wi,0,70,0%,75.8
can you get high on sublocade,0,66,0%,77.97
sublocade vs. suboxone,0,65,0%,93.48
medical weight loss,0,64,0%,48.8
does sublocade have a blocker,0,64,0%,70.98
dpc family medicine,0,64,0%,87.17
direct primary care clinic,0,62,0%,68.71
functional medicine doctor milwaukee,0,60,0%,41.28
weight loss doctor near me,0,55,0%,39.38
loss weight clinic near me,0,55,0%,49.95
medical weight loss wauwatosa,0,54,0%,75.69
clinic weight loss near me,0,53,0%,33.38
direct primary care physicians,0,52,0%,69.92
milwaukee functional medicine,0,49,0%,58.12
functional medicine treatment milwaukee,0,48,0%,36
weight loss center near me,0,48,0%,38.31
how hard is it to get off suboxone,0,48,0%,88.9
direct care physician,0,47,0%,58.77
medical weight loss mequon,0,44,0%,4.91
medical weight loss clinic mequon,0,43,0%,3.26
top home care providers,0,43,0%,57.14
what to do if you run out of suboxone,0,43,0%,99
weight loss center,0,41,0%,33.78
getting off suboxone,0,41,0%,67.39
is there naloxone in sublocade,0,41,0%,86.49
alternative doctor near me,0,39,0%,58.56
sublocade and suboxone,0,39,0%,81.85
medical weight loss near me,0,38,0%,42.03
weight reduction clinic,0,38,0%,51.08
advanced longevity supplements,0,38,0%,81.42
"suboxone doctor in barron, wi",0,35,0%,32.66
dpc physician,0,35,0%,62.14
aaron rosenberg,0,34,0%,35.79
home care providers,0,34,0%,37.5
direct primary care franchise,0,33,0%,84.42
stopping sublocade,0,31,0%,10.87
milwaukee functional medicine treatment,0,29,0%,38.72
lose weight clinic near me,0,28,0%,54.25
how do you wean off suboxone,0,28,0%,90.36
direct access addiction therapy,0,27,0%,80.78
can you withdraw from sublocade,0,26,0%,9.81
dr. rosenberg,0,26,0%,10.04
wauwatosa ketamine therapy,0,25,0%,84.28
how to wean off suboxone,0,25,0%,87.64
direct primary care services,0,25,0%,91.24
getting off suboxone successfully,0,24,0%,71.21
how long does suboxone shot last,0,24,0%,86.88
ketamine therapy wauwatosa,0,23,0%,80.17
glp weight loss wisconsin,0,22,0%,56.86
glp 1 medications weight loss wisconsin,0,21,0%,68.81
how to get off suboxone,0,21,0%,70.43
direct care doctors,0,21,0%,76.14
suboxone taper success,0,20,0%,87
natural health doctors near me,0,19,0%,67.89
medical weight loss wi,0,19,0%,94.63
can you wean off suboxone,0,18,0%,82.94
how long does it take to wean off suboxone,0,18,0%,89.28
tapering off of suboxone,0,18,0%,95.67
successful suboxone taper,0,17,0%,90.59
suboxone withdrawal success stories,0,17,0%,91.71
quick suboxone taper,0,17,0%,95.18
how hard is it to come off suboxone,0,16,0%,87.25
how do i taper off suboxone,0,15,0%,96.53
getting off sublocade shot,0,14,0%,5.57
how do i get off of suboxone,0,14,0%,74.14
direct care primary care,0,13,0%,74.85
what is the best way to come off suboxone,0,13,0%,79.54
sublocade detox,0,12,0%,12
shot to get off suboxone,0,12,0%,29.58
dpc direct primary care,0,12,0%,73.75
sublocade to suboxone,0,12,0%,83.75
holistic doctor near me,0,12,0%,88.17
medical weight loss wisconsin,0,12,0%,91.75
doctor of naturopath,0,12,0%,99.17
getting off sublocade,0,11,0%,8.18
functional medicine practitioner near me,0,11,0%,34.64
functional medicine specialist milwaukee,0,11,0%,35.64
ketamine therapy near me,0,11,0%,46.45
mequon clinic,0,11,0%,56.64
primary care physician milwaukee wi,0,11,0%,73.36
how much is sublocade,0,11,0%,88.64
direct primary care plans,0,11,0%,96
weaning off suboxone,0,11,0%,97.73
aaron davis rosenberg,0,10,0%,8.9
suboxone shot withdrawal,0,10,0%,11.2
suboxone clinic milwaukee,0,10,0%,55.1
how do you detox off of suboxone,0,10,0%,65.1
how to get off of suboxone,0,10,0%,65.8
dpc doctors,0,10,0%,69.5
coming off suboxone,0,10,0%,75.7
how does the suboxone shot work,0,10,0%,96.6
forum health mequon,0,9,0%,23.22
dpc provider,0,9,0%,52.67
can i take suboxone while on sublocade,0,9,0%,66.56
functional medicine doctor wisconsin,0,9,0%,67.33
how much is a sublocade shot,0,9,0%,72.44
how do i quit suboxone,0,9,0%,80.67
tapering off suboxone,0,9,0%,85.22
suboxone therapy near me,0,9,0%,97.78
lotus doctor,0,8,0%,15
functional medicine wisconsin,0,8,0%,48.62
direct primary care physician,0,8,0%,72.12
how can i get off suboxone,0,8,0%,84.25
healthspan direct,0,8,0%,86.12
lotus medical,0,7,0%,1
does sublocade have withdrawal symptoms,0,7,0%,4.14
best way to wean off suboxone,0,7,0%,42.14
24-hour care,0,7,0%,43.43
sublocade vs suboxone withdrawal,0,7,0%,66.71
how to get off suboxone without withdrawal,0,7,0%,86.71
is sublocade better than suboxone,0,7,0%,89.29
will stopping zubsolv make me have withdrawal symptoms,0,7,0%,96
weaning off of suboxone,0,7,0%,97
direct care,0,6,0%,2.17
dr rosenburg,0,6,0%,6.33
how to taper off sublocade,0,6,0%,11.17
lotus health,0,6,0%,17.83
how to get sublocade out of your system,0,6,0%,22
best way to come off suboxone,0,6,0%,34.67
best way to taper off suboxone,0,6,0%,35
dr lotsu,0,6,0%,39
functional medical doctors near me,0,6,0%,48.67
get off suboxone,0,6,0%,69.33
how long to wean off suboxone,0,6,0%,81.17
keller direct primary care memberships,0,6,0%,83.5
how to come off suboxone,0,6,0%,89.67
does the suboxone shot work,0,6,0%,92.33
medical weight loss pewaukee,0,6,0%,97
addiction treatment,0,6,0%,97.83
medical weight loss treatment milwaukee,0,5,0%,1
dr mark rosenberg,0,5,0%,2.4
dr.rosenberg,0,5,0%,7.6
dpc specialists,0,5,0%,59.8
what happens if you take suboxone while on sublocade,0,5,0%,65.4
health care providers,0,5,0%,66.4
wauwatosa medical weight loss,0,5,0%,77.8
suboxone sublocade,0,5,0%,83.8
medical weight loss services wisconsin,0,5,0%,87.8
quitting suboxone,0,5,0%,90.2
dr lotus,0,4,0%,5.5
best way to quit suboxone,0,4,0%,30
can you take sublocade and suboxone together,0,4,0%,48.25
telemedicine sinclair method,0,4,0%,52
suboxone and sublocade,0,4,0%,57.25
ketamine therapy in wisconsin,0,4,0%,66.5
dpc schedule,0,4,0%,69.5
loss weight program near me,0,4,0%,73.25
weight loss programs near me,0,4,0%,77
how much is the sublocade shot,0,4,0%,79.5
weight loss clinics,0,4,0%,80
how to wean off of suboxone,0,4,0%,80.25
is it hard to get off suboxone,0,4,0%,83
getting off of suboxone,0,4,0%,84.5
how do i wean off suboxone,0,4,0%,87.75
medical weight loss clinic wisconsin,0,4,0%,89.5
direct care practice,0,4,0%,91.25
direct care provider,0,4,0%,92.5
direct patient care doctors,0,4,0%,93.5
sublocade shot vs suboxone,0,4,0%,96.75
doctor,0,3,0%,1
direct health,0,3,0%,2.33
weight loss doctors near me,0,3,0%,5
direct patient care,0,3,0%,5.33
lotus pcp,0,3,0%,8.33
functional doctor,0,3,0%,37.33
milwaukee functional medicine specialist,0,3,0%,42.33
can you take suboxone while on sublocade,0,3,0%,61.33
weaning suboxone,0,3,0%,62.33
integrative doctor near me,0,3,0%,64.67
medical clinic near me,0,3,0%,69
medication to get off suboxone,0,3,0%,69
does sublocade block opiates,0,3,0%,72.33
can you take suboxone with sublocade,0,3,0%,74.67
lotus newsletter,0,3,0%,74.67
does sublocade have naloxone in it,0,3,0%,79.33
suboxone shot in stomach,0,3,0%,84
direct primary care organizations,0,3,0%,86
subutex vs sublocade,0,3,0%,88
direct primary care pricing,0,3,0%,89
dpc plans,0,3,0%,89.67
direct primary care subscription,0,3,0%,94.67
how do you taper off suboxone,0,3,0%,96.67
sublocade doctors,0,3,0%,97.33
direct primary care clinics,0,3,0%,112.67
mequon usa,0,3,0%,125.67
direct care physicians,0,2,0%,1
how long does sublocade shot stay in your system,0,2,0%,1
lotus health center,0,2,0%,1.5
concierge medicine,0,2,0%,3.5
lotus near me,0,2,0%,4.5
lotus clinic contact number,0,2,0%,5
hormone replacement therapy,0,2,0%,5.5
dr services,0,2,0%,8
dr rozenberg,0,2,0%,8.5
dr. mark rosenberg,0,2,0%,9
lotus milwaukee,0,2,0%,9
mark rosenberg md,0,2,0%,11
how to stop sublocade,0,2,0%,11.5
primary care physician,0,2,0%,11.5
primary care,0,2,0%,12.5
concierge doctors near me,0,2,0%,14.5
primary care doctors near me,0,2,0%,17
lotus wi,0,2,0%,19.5
medical clinic,0,2,0%,26
naturopathic doctor near me,0,2,0%,29
how to transition from suboxone to sublocade,0,2,0%,35
direct care providers,0,2,0%,43
lotus md,0,2,0%,50
lotus weight loss,0,2,0%,52.5
live-in care,0,2,0%,57
direct primary care provider,0,2,0%,59
alternative medicine near me,0,2,0%,62.5
primary care physician near milwaukee,0,2,0%,73
how to get off subutex,0,2,0%,73.5
milwaukee alcohol addiction,0,2,0%,74.5
coming off of suboxone,0,2,0%,76
how long does it take for sublocade to get out of your system,0,2,0%,76
superior urgent/primary care and addiction medicine,0,2,0%,81.5
weight loss near me,0,2,0%,83.5
direct primary care monthly cost,0,2,0%,87
is there a suboxone shot,0,2,0%,88.5
integrative medicine,0,2,0%,90
does suboxone make it hard to wake up,0,2,0%,90.5
how to get off suboxone at home,0,2,0%,92
sublocade high,0,2,0%,92
sublocade suboxone,0,2,0%,92.5
how to wean yourself off suboxone,0,2,0%,94.5
suboxone providers,0,2,0%,95.5
do you gain weight on suboxone,0,2,0%,97
how to taper off of suboxone,0,2,0%,99
262 242 95 42,0,1,0%,1
andrew rosenberg md,0,1,0%,1
care direct,0,1,0%,1
concierge doctors,0,1,0%,1
d rosenberg,0,1,0%,1
direct care near me,0,1,0%,1
doctors,0,1,0%,1
doctors near me private practice,0,1,0%,1
doctors taking new patients near me,0,1,0%,1
doctors that take medicaid for adults near me,0,1,0%,1
family practice near me,0,1,0%,1
functional md clinic,0,1,0%,1
functional medicine mayo clinic,0,1,0%,1
good doctors,0,1,0%,1
hypertension doctors near me,0,1,0%,1
lotus center,0,1,0%,1
lotus family clinic,0,1,0%,1
lotus health and rehab,0,1,0%,1
lotus health care,0,1,0%,1
lotus health services,0,1,0%,1
primary care clinic,0,1,0%,1
private health clinics,0,1,0%,1
weight doctor near me,0,1,0%,1
weight loss pills for women,0,1,0%,1
best family doctor near me,0,1,0%,2
doctors that specialize in high blood pressure near me,0,1,0%,2
dr best,0,1,0%,2
dr. healthcare,0,1,0%,2
family medicine near me,0,1,0%,2
lotus healthcare,0,1,0%,2
medical practice,0,1,0%,2
pcp doctor,0,1,0%,2
weight loss doctors near me near me,0,1,0%,2
best black primary care doctors near me,0,1,0%,3
longevity doctor near me,0,1,0%,3
lotus clinic,0,1,0%,3
lotus family,0,1,0%,3
primary care provider,0,1,0%,3
robert rosenberg md,0,1,0%,3
science care,0,1,0%,3
dr aaron rosen,0,1,0%,4
health direct,0,1,0%,4
lotus care services,0,1,0%,4
lotus doctors,0,1,0%,4
doctor offices near me,0,1,0%,5
longevity clinics near me,0,1,0%,5
lotuss,0,1,0%,5
lotuzs,0,1,0%,5
rosenbergs,0,1,0%,5
heathcare,0,1,0%,6
hormone therapy,0,1,0%,6
medical direct care,0,1,0%,6
primary care facilities near me,0,1,0%,6
what doctors offices take blue cross blue shield,0,1,0%,6
lori rosenberg,0,1,0%,7
physicn,0,1,0%,7
direct,0,1,0%,8
dr risenberg,0,1,0%,8
functional medicine doctors,0,1,0%,8
hormone replacement therapy near me,0,1,0%,8
medical health care providers,0,1,0%,8
the good doctor,0,1,0%,8
concierge doctor,0,1,0%,9
dr dawn,0,1,0%,9
dr hours of operation,0,1,0%,9
dr. rosenburg,0,1,0%,9
fuctional medicine near me,0,1,0%,9
function clinic,0,1,0%,9
functional medicine practitioners near me,0,1,0%,9
nostress md,0,1,0%,9
care md,0,1,0%,10
dr strachota,0,1,0%,10
functional doctors near me,0,1,0%,10
hormone replacement therapy doctors near me,0,1,0%,10
what are the symptoms,0,1,0%,10
dr free,0,1,0%,11
functional medicine doctors near me that accept insurance,0,1,0%,11
lotus car,0,1,0%,11
mark rosenburg md,0,1,0%,11
funtional doctor,0,1,0%,12
functional medicine.,0,1,0%,13
shadowing doctors near me,0,1,0%,13
d.o. doctor,0,1,0%,14
primary care near me,0,1,0%,14
rosenberg,0,1,0%,14
primary doctors near me,0,1,0%,15
primary physician near me,0,1,0%,15
lotus longevity,0,1,0%,18
lotus medical clinic,0,1,0%,19
internal medicine doctors near me,0,1,0%,20
best internal medicine doctors near me,0,1,0%,22
do you get withdrawals from sublocade,0,1,0%,26
getting off suboxone with sublocade reddit,0,1,0%,27
holistic family doctor near me,0,1,0%,27
hormone replacement therapy for women near me,0,1,0%,28
medi-weightloss mequon,0,1,0%,29
specialist direct,0,1,0%,31
lotus care reviews,0,1,0%,32
blue lotus primary care,0,1,0%,34
internal medicine md near me,0,1,0%,35
sublocade reviews,0,1,0%,43
suboxone shot,0,1,0%,44
dawn rosenberg md,0,1,0%,46
dpc physicians,0,1,0%,50
functional doctors covered by insurance,0,1,0%,52
sublocade how long does it last,0,1,0%,52
holistic doctor near me that takes insurance,0,1,0%,53
lotus home care,0,1,0%,55
how long does sublocade stay in your system,0,1,0%,58
functional medical practitioner,0,1,0%,61
noco direct primary care,0,1,0%,62
how to make sublocade release faster,0,1,0%,63
lotus dr,0,1,0%,66
functional medical doctor near me,0,1,0%,69
walk in clinic mequon,0,1,0%,69
dr rosenberg milwaukee,0,1,0%,71
is sublocade suboxone,0,1,0%,71
functional psychiatry wisconsin,0,1,0%,72
wauwatosa medical weight loss services,0,1,0%,72
ketamine therapy wisconsin,0,1,0%,73
easiest way to get off suboxone,0,1,0%,74
dr dawn rosenberg,0,1,0%,75
dpc doctor,0,1,0%,77
can sublocade cause precipitated withdrawal,0,1,0%,79
lotus patient,0,1,0%,79
regenerative medicine mequon,0,1,0%,83
sublocade have naloxone,0,1,0%,83
despair depression,0,1,0%,84
wisconsin functional medicine,0,1,0%,84
what happens if you use on sublocade,0,1,0%,85
can you use opiates while on sublocade,0,1,0%,86
doctors weight loss of wisconsin,0,1,0%,87
direct primary care membership fees,0,1,0%,88
does suboxone make you have energy,0,1,0%,89
medical weight loss racine wi,0,1,0%,89
direct primary care hospital,0,1,0%,90
integrative medicine near me,0,1,0%,90
best suboxone detox,0,1,0%,91
how much is sublocade shot,0,1,0%,91
dr peter rosenberg,0,1,0%,92
how to come off of suboxone,0,1,0%,92
is suboxone hard to get off of,0,1,0%,92
ketamine wisconsin,0,1,0%,92
direct primary care memphis,0,1,0%,93
dpc subscription,0,1,0%,93
sprucehealth.com,0,1,0%,93
wisconsin ketamine therapy,0,1,0%,93
how to ween off suboxone,0,1,0%,95
semaglutide pewaukee,0,1,0%,95
sublocade doctor,0,1,0%,95
wean off suboxone,0,1,0%,96
direct primary care group,0,1,0%,97
weight loss clinic wauwatosa,0,1,0%,97
how to taper off suboxone,0,1,0%,98
direct primary care membership utah,0,1,0%,100
how long to get off suboxone,0,1,0%,100
primary care doctor west bend wi,0,1,0%,100
direct primary care tacoma,0,1,0%,101
hypertension specialists near me,0,1,0%,103